id,date,nft_id,rarity
475623827233,2024-07-15 11:00:35,EQDgPa7PJLpCAqX48qMTyVP8Ga5lNUS0G4w9uaCglpDXNYLc,Uncommon
517744464551,2024-07-15 11:00:55,EQB6-_23G-7rniamSS_6dm_7BvQ6D2a5HcgItYhMQnABgoI7,Common
738022885683,2024-07-15 11:00:55,EQDc5dZf9dL7e96eUYNBjUWsxQ9R3qdLxwqkLNMXjhQ2OKNr,Uncommon
111353138331,2024-07-15 11:00:55,EQCXML7WDiFoTxHrFHJDGR2vgM6-LQcY94J2TfPs3St53iAN,Uncommon
685873575278,2024-07-15 11:01:01,EQDO_em8Z6WlgtxpYeZsVmPK4PflbCid8LO23DRVr_D3BKlg,Common
871247059049,2024-07-15 11:01:01,EQCHoILhIJOGXBTdnrLFS_n7U88Yhsu4UWk4Il-ubjIEhkAR,Common
449068376167,2024-07-15 11:01:01,EQDd87NHzYfa8LRf7SmB-vPJ1_oCC_pPDmPyWsFCWoERdygA,Rare
286198248286,2024-07-15 11:01:01,EQCIG2J92s9xDmsxB998SQYtQ7v_refoypdrpmeUk1idkHt_,Common
919587239782,2024-07-15 11:01:01,EQB-yKBL8kAmcyra95wy8BylIvwD-sIJdugJ7EyDxMuUDILY,Common
767877828858,2024-07-15 11:01:36,EQCMYcamQd3qH2XPppSAdlDBIgcojnGY-RmeoiN-KJhCoDJT,Uncommon
578077372897,2024-07-15 11:01:36,EQAw0X51rSQSkmDhCkq_swVu0cKhlz7yRKJwbjvRTLkDOwlK,Rare
839843959869,2024-07-15 11:01:36,EQA0DIJ741J3oiVV1kElVrD2-5kiivQ1yt5lOitjaxlursZ1,Uncommon
738177381250,2024-07-15 11:01:43,EQBtK0FTwOmkeiWovGTSTLuZofrVCIo-dT1eq73zlhAxv-iU,Common
609632409995,2024-07-15 11:01:43,EQB1lhtpopkCDCL3GM7aMETlXuMsbvFxK0R8OEfWsIvCv8LI,Uncommon
207740219687,2024-07-15 11:02:02,EQDgrDxh9Jr9kGVB3Tzf5nsCoiUr_4A4_smmdzTvATjnymKD,Uncommon
185135733855,2024-07-15 11:02:08,EQB_ICNfotnzo3U_MzUUwii92GCxPfhIZNA8DUToYWdbTaj1,Common
570166522204,2024-07-15 11:02:08,EQCuOc930RfXMTNTDpT0urn2I7dp7Gqvdjswi1ApwfItDpsU,Common
363041528587,2024-07-15 11:02:08,EQCC4Rt3pyuwlZvfghCvdeutctAEsCS74LdIutdh7NdOaEui,Common
852927193076,2024-07-15 11:02:14,EQCY--d96nawvh-XW8B9q3cyThJD_fX7hdFo2NQPcejTqYVK,Common
520373397926,2024-07-15 11:02:40,EQCzqxxgqmnsClDFnIvH54tBpL8XrQQ4AiVvDbLtjc_mUG6F,Uncommon
980198337505,2024-07-15 11:02:40,EQDsW4CozOoBZ_hKmb9artL38QBp6RO0HZ2OzIzo-6mLihpQ,Uncommon
558380836609,2024-07-15 11:03:11,EQBNVYZFCg4qF_A7VTkvXyq4WhiwI7B9lpxdvG-YN_FZi3LI,Uncommon
901899482887,2024-07-15 11:03:30,EQCasfP_O301YxwJHjo356h_3VlXEd6GxnqotsO5SAB1RcFT,Common
472128246902,2024-07-15 11:03:30,EQCKFGKOFeoWRX4G_oHP5bd4SXo5U3jl1VcI_DeBG1YGqCEt,Uncommon
169068689997,2024-07-15 11:03:30,EQB_mOu8HFDWsKBQGIwgEx70jSJ4MFdUPvLhTPHenKnNhco6,Common
768792404964,2024-07-15 11:03:56,EQBvqj-om74t7_UFGeIuEuslvljWg1tdZksohp5TxdA_LUk_,Uncommon
641424263321,2024-07-15 11:04:16,EQBIBQFIo_5oco7IiS9czB6BegtVHunvOWKRUZzZ6k1rAzoe,Common
544960047435,2024-07-15 11:04:28,EQDDKAs2Y6UH50A6GdHYowpt-og7ovlxlTvcOH0vE7imyxun,Common
599112029216,2024-07-15 11:04:48,EQD8Nc5wMjG6wGnHVB5gaBtyHHDrJUKxPsAIVrYRYUulo5lo,Uncommon
193188324054,2024-07-15 11:04:48,EQBclc5MK2TZ2MErjGvfCm_vUDmc2e4yIcoZhgTnDElxhPWw,Common
362348887606,2024-07-15 11:04:48,EQBaqXL4twSE4vH77de33nh-GXEzUwEih0o7CzHjoL8RDX3B,Uncommon
358245252173,2024-07-15 11:05:13,EQDEdmpE9lzIvz7rpqvHXGvVOhfCkjEUBGS6hVaGUM2fhk3x,Uncommon
688878451290,2024-07-15 11:05:51,EQABdQQ0Dt_hBOM0RQQ-_XTr7w7MeDNyV-OrEzbtH2LJa0x1,Uncommon
967798367396,2024-07-15 11:06:10,EQBp3kKXLdd-CTOyE_fy-54gjoR2bbTqu0BE8vFZ997csYz1,Common
103292041408,2024-07-15 11:06:10,EQAfD-4v5KPQ5AOmcDeHQItvJ2oY9swzNulThibqKT230ZWT,Common
906255947301,2024-07-15 11:06:22,EQAakknFboqQJYd0XBNEgpCP9sJZEZ12PFEJyztq5Gdk5Uxa,Common
930983564645,2024-07-15 11:07:00,EQBiHywMSzAqrsK1EVZeCewUDW6nJE1qx1C87VzgyG55hOYs,Common
915666421119,2024-07-15 11:07:14,EQB0FRrpo5-oWg9qaVjk_5uBFnZZeYHA2_Ay3aY-z7Qonbdm,Uncommon
526682938023,2024-07-15 11:07:20,EQCmtfvo1cNVBZgeyvAHLdGsyhoOM3ME82OHRTkUgvqBKe51,Common
222851591346,2024-07-15 11:07:20,EQDyy28UJfkc6QMD4bAaZxigRR1azdzLuyO_luQKNqRBH1_U,Common
197814263810,2024-07-15 11:07:57,EQAfUF2RB85Sd_5yeI45S1EtiYV_q_tFUio51dvSo9CvVJ1V,Common
674938772589,2024-07-15 11:07:57,EQBNM-qvdWh2GmaMD81YHB79qEDqRV0hModmSJkA8J04ii4I,Uncommon
284565617499,2024-07-15 11:08:03,EQB5G3wdaD5gcFDZ7ZJdG-p9romNoNXX5fNtAF5oXu75bd_W,Common
627234355064,2024-07-15 11:08:47,EQDzaTd6ycLjeI--bh-yvT_M9RrTxIeqU3YDwCKksgQJhNGk,Common
665424034550,2024-07-15 11:09:05,EQADaffaBBuKd0lB3hH0xH0cy-2Hq6FqVuDY4EEe9Vx0PObP,Uncommon
888994936512,2024-07-15 11:09:36,EQBX4kC34zn-REwQRDxVzVY-9vv0YKHdM3gfWwnMtqalYxPC,Common
957670297911,2024-07-15 11:09:36,EQAQDZyCz8lbtvYo20AaHO4743j0rVc7ts_Ns4XfSUqklF2J,Common
621595667716,2024-07-15 11:09:36,EQAAjcMjR4jsee5ZXkvmeSCbLvEaa3ZqorRfNFlQoiOJUN-Q,Rare
962345796123,2024-07-15 11:09:54,EQBQVHaQVnvZQoDKiPnH5fTZUcIA-ibGTg1EidgbDQNxQGMC,Common
614610474604,2024-07-15 11:09:55,EQC3KS8OjcCGp52_ovGCvlNvjpwqLEou2K5rmYGXtpHaCgZO,Common
232219625222,2024-07-15 11:10:14,EQAZ0aFpdcUGwhjt_DckUalorofilLjeSAnpnziQB3OyZVaF,Uncommon
990248212564,2024-07-15 11:10:26,EQCR8ANpUzmEFQSVB3tB5KELUlBK__FggvJel9bqzZ5an1RS,Common
441854507166,2024-07-15 11:10:38,EQCcb9OntgWIy0QviRTc1M7-dnyEPrxOBIau4lVciQdX0cl5,Common
230088669074,2024-07-15 11:10:38,EQCHeMQiwfmE1CgpvP9fxF3uaigLdeTazYKggFAD-dl_Um8i,Common
336494077794,2024-07-15 11:11:11,EQBv8yuLaqrcd3DaeGRmnN07D0xegqMVp6sHBQDv8qNQhY2l,Common
576231711225,2024-07-15 11:12:01,EQBT_qsauX1MzhJlV_1gQvmqqZPFz0ojU8nw0SWT3n2Jx97q,Common
399822966398,2024-07-15 11:12:01,EQD1AS5PT-4oxob5xVib3GuWsIiFHAFSMEyd2HPuGXFIDV_h,Common
223352373577,2024-07-15 11:12:42,EQA6lYjtTDjW1o3b5XyWTzuXCJ89J6HGk2MKdDE6cA6FO_JB,Common
233720116451,2024-07-15 11:12:42,EQAwvHbsSpZyYCEbqHmBM277wVJ44iF_iw5gKoPJnwTqimop,Common
804659544490,2024-07-15 11:14:18,EQBRW37gM4VagigyiYI2iAZnadrftR9oPGEBLsFCqls88gqr,Uncommon
183684045983,2024-07-15 11:14:18,EQA7iG3DPFliky09dU4ylcKVCa1k3kDxTCh5pSRwpjmlfuGq,Uncommon
379433641368,2024-07-15 11:14:19,EQCbyKTaJKqVrftH9DtUQxTJcNJM5aqq1xvlvxIPAnPJB-GI,Common
209183863991,2024-07-15 11:14:37,EQAfTdYejYCGFgO9r0R4J_0PrsQ8vDg1xKRbhZoezwRBuEX5,Common
376657579326,2024-07-15 11:14:58,EQBjRUfV9IbFIRwrq7UXWbZAK7msImZXdshT2J-dQhK9VzYH,Common
742525918737,2024-07-15 11:15:10,EQCxMVqYCpADPlyicDv4YJfYprEOnjU1c5z8J_MIH1EvR9iR,Uncommon
110581652279,2024-07-15 11:15:54,EQBb2y616CgRmXif_xMqnkVNCxr8mSI2q36E-OwesCtHIibH,Common
463693001794,2024-07-15 11:16:00,EQCSimIfEYwWu7SXmYyPpN9YxanD6EwekM4RBOfgNkL7-Gth,Common
660879477046,2024-07-15 11:16:19,EQBus5Q4qukROLz1JIokmbWd8FZcTWMo3KkBOCvmborO3rrh,Uncommon
518653704307,2024-07-15 11:16:39,EQDnfyfYTuZWet0zksVuU8fABlPEdOlFx_t3Ar_XiSNuFDl-,Common
355247883210,2024-07-15 11:17:14,EQCEKplAKa_MSugtAs8URcW9lGbL5msZ9aQGAuzV4X4OIfSA,Common
305936244739,2024-07-15 11:17:14,EQAP0604wxVXK3vCSADGCOjZl27638S9RV1j9H_FG5h1vhb-,Uncommon
708940532027,2024-07-15 11:17:34,EQBSJlLqgOeCcD1CtQgZ2PdVNRM39kC6-lGW9cHw37jYcuZe,Common
956783879257,2024-07-15 11:18:10,EQB62FFHKBggiYIxT4qjoGmSpR0KHLGsRvSQXKyDKFbM-3NT,Uncommon
991827411270,2024-07-15 11:18:16,EQDJhNE42c_E_Xb0YhTomkVl4lUoNnCpwBi8l9tvOH-DtQaS,Uncommon
186640241113,2024-07-15 11:18:48,EQBgDLAHK8qYHVThV2BGvMdAcwAxHEBU__MjNcIEex9DhZdz,Common
839264564838,2024-07-15 11:19:01,EQAVQGjri_WHkKwvfrZTdZmHHFdTNVdjI9Q_WHDEPHT_7Aaf,Uncommon
265328961388,2024-07-15 11:19:07,EQDvGmftedgrgCS4mdIGhRPb9LeeRVO4nrQS3t1c6GjAo4DV,Common
429262933145,2024-07-15 11:19:20,EQAWBPCTxYnoReJdo2paz2iB0rFInTD8ZYGvbzKebFxgd6uC,Common
848324492243,2024-07-15 11:19:38,EQDnHC8WZyFwNA5_zR0gbjLOmG3sUpbMKB01-Vnfd74YEz_c,Uncommon
712450655048,2024-07-15 11:19:51,EQCC1p4NMaWTcyHiaAjo08_Z_JxtthpQhWCysv89R-ydRAX_,Common
130652668256,2024-07-15 11:20:04,EQB_AAtzoFijTQqsR4IBmPEq8qbvZFLtcPAPm81ogd-u0p-4,Common
740762567558,2024-07-15 11:20:11,EQBN_xBp8os-i6U4cerHkm7ySIFDB3TxS-BIF8PxtDj7-5qG,Common
759334852711,2024-07-15 11:20:36,EQC_aTKXNaE_vBydGL8rutTUBXgwTt19NiAMYZcmQ8bKGAS5,Uncommon
387215083105,2024-07-15 11:21:26,EQAbOtnf47fGJWgPqR1h_39tF20e1FhlKYNPqqdgUIAkBPlO,Common
699357426397,2024-07-15 11:21:51,EQAu_Ukqoqq_Nrp1ijvq6e_Yn9mtPNsHvKXeOYdJkz_KLp_7,Common
182638543119,2024-07-15 11:21:51,EQA-BkLDMrDLuzxVJmd3L19TOHu1StgZ8dTzkU91l97Ed3x4,Common
682874806707,2024-07-15 11:22:22,EQA7KgY2YIB4_ncSGQXbGjSvHk1znrPVRxtGAiXH21I0hUiv,Common
436885746030,2024-07-15 11:22:28,EQDKMr5M9KEej47BSLzmHfZmvmGHVvjSiqf9ib--1i8L6AG6,Rare
240758077582,2024-07-15 11:22:59,EQDfdqZ7XQ4hQhJxhonYRAXJtr2p5Mclt_LLqs5t0t6gRuFV,Common
303581878421,2024-07-15 11:23:38,EQBYEaNK-FqvlknD4H-FZvAtz1RcT8VlVU8n-WW7xpBZHxKY,Uncommon
882776727437,2024-07-15 11:24:08,EQCi1FKWb2Uz3aQHPmUuiYz-552DlYnYnZ0xFP-iAZU0pcV8,Uncommon
848781492643,2024-07-15 11:24:08,EQB7-zU04bJx0xtdnAycqFhER5VpE98-oFFJQCGqQxTa-jgf,Common
614176929690,2024-07-15 11:24:46,EQDENhTS1mnwmBU4QzJ2KHkLjrF_Tj0hihaSFe_hWcewMvpa,Uncommon
514068016929,2024-07-15 11:24:46,EQAoaWaxkyy_6wYN9LUEEsWAVZCJFFhXhAajItnuFGnSsMQV,Uncommon
352628463550,2024-07-15 11:24:47,EQDpoHjsdkTD1im6VsR4ApD5Hx-j8R8v5esMEijQfvTzvOoU,Common
137094968477,2024-07-15 11:25:11,EQAgky_aEx_7j4JE1rNa_mJfTubryMkMf1sZY-kDEVXVAGVW,Common
995969423811,2024-07-15 11:25:17,EQCzxVYz8VJkkiyrHrBkxdMIvMKu1-ih1RlHSr8xQ662nLeu,Common
176413652536,2024-07-15 11:25:42,EQBFQ8CyDf0D9JHOuIh_CctPmQzKJICY4cRJAfoBYyWPnB2f,Rare
366758095034,2024-07-15 11:25:42,EQDQutweXChYleAjgzw-RyCHAn-aeobvlbb5eC4n3989Crea,Common
866551229933,2024-07-15 11:25:55,EQDHf7lDwSH04dxMdXXX28Ns9pQBZQzxMSqdKKNHRROD0S-c,Common
285685468354,2024-07-15 11:26:51,EQA9iSMWwMwC0nld2CLYcjlqIx2fh51tUQS__tk2mjvt2_yc,Common
834984388388,2024-07-15 11:26:51,EQA7xlnHuzHoHxOS-Q1hosQxZbqSQz5PONhR6-lVqevQs2wI,Common
899812322066,2024-07-15 11:27:38,EQD96kgJe2Bgh9WqWA_jM2jPo4F9K1rMukMviazfSU7lDZAk,Common
357875762806,2024-07-15 11:28:04,EQAK0FoSX9wZ9x1sI3-kbgzJ_8ftxOiHNaLIVpaijffIbunp,Common
913228863187,2024-07-15 11:28:04,EQDfdeyOMaSQcORoy-p8M9zk8S5hTmvDaq50JjRrL0sd5fYK,Common
148181377051,2024-07-15 11:29:26,EQCziiH2TDN3bNFge8ZBO9NASpSvrUfhyfbiednotr00c9Lu,Common
446130115315,2024-07-15 11:29:41,EQCanRqHBMNGp_qHywljLvXT_2vv_hB7lFXamBlP-f1T9qAy,Rare
189447424844,2024-07-15 11:31:11,EQBvgQDv0sJO52GGlAQne9LIFGNDrLyz-XUaDxKldzTaqst_,Common
182915058262,2024-07-15 11:32:15,EQCg8KMG9Tw4gXA_WrxfQo_lQBQI5nNELXH6yQZTiV-juIXc,Common
186988122768,2024-07-15 11:32:29,EQDcSQQgDCl5t-8JEqorKyLfr5DEZYO1WHN8a305h9gZIc_S,Common
800780315845,2024-07-15 11:32:29,EQC74-9WpRk3foGg87spsu8rp0TDKujQwTskdul5zwZIxB4a,Uncommon
831057888034,2024-07-15 11:36:28,EQAdp_NqsfJNbJ3XQTvr_kGiH5XFTvNtc-cPD_GODots5yCO,Common
211226666804,2024-07-15 11:39:46,EQBixISJcRWQvqTUfvUIw5BrjL8fp3ImqUg6_VoMP07fImkK,Uncommon
107391474948,2024-07-15 11:40:50,EQAUmz7y-ksSRQ_e3DgnSvSA6iY07JianLM3B6PB6cSOh86Y,Common
331141343669,2024-07-15 11:41:40,EQBRL-cZS9jN7-3NNE4eSAK1vuDWu3RvL2VAHwOZZMfrh0Zw,Uncommon
716932955095,2024-07-15 11:43:39,EQCIZUWrGM_DA6Wy1typdHbwh9vvrWuyL8MRVkOSo1cWKaLW,Rare
322894843805,2024-07-15 11:44:16,EQAzCxLlHmyj99Bnj1sVx2JmHQYtoRP-iV_edGcknN8-VZ7r,Common
456870845647,2024-07-15 11:44:16,EQBBLmqRJxGeT-XXSMRZoijqX-aBualUkR1sKcoEW-NW2vro,Common
430736168974,2024-07-15 11:45:05,EQBd2pYstN76S_ILg_ysma9Pb45xGrQ-by6gfVhbA9QbBfUH,Common
594224241196,2024-07-15 11:46:28,EQC2Fjwpd7QIQ_LLEyoGEch3J_5sJEcuggwlRmdQCx0tVvDp,Rare
232034753094,2024-07-15 11:46:34,EQCIZGkVCAWmsKggNddrKreFccg6nSKhWEJMr73Sfq-Er3bL,Uncommon
485259024563,2024-07-15 11:46:46,EQC1MAO3eSRiE_M1yvcJZTKPPKGAMkKYYy75CqmRjz8RGUVd,Common
316525397344,2024-07-15 11:47:17,EQB76T7wEFPDEzpNSgwvbQ_x6P8R8EoLB0hRQ03z3qm--2y0,Common
191093075702,2024-07-15 11:47:42,EQDp1xxkiBPNDn2_VsxesrOReg1tLtr40oRtdCSjpid4oeT0,Common
818085584765,2024-07-15 11:48:01,EQCjGT5oihFXp4_IN9kLfyN3NB8n6C6IYt_t6gQF290wuYsD,Common
231968541946,2024-07-15 11:48:32,EQDgCXFAQ9BeDWWzfBV33InyJ22_FVAh1b6qz9SySzd3iWPM,Common
223113174504,2024-07-15 11:48:57,EQDXiAqILHKkP0OyrleP5SQ5Lee4I_T40madSKoU7WiTt4Pp,Common
801624794668,2024-07-15 11:50:19,EQB_Gq2wicBnTxgzC7gkYkA60Z5sTONv6NvWzAdsTlCHm1er,Uncommon
945863007702,2024-07-15 11:50:19,EQAiV6XFPDS8rSJw3pBm4N1-Td4sgYGBZAEXjR2EDfG_NX4M,Uncommon
693190797983,2024-07-15 11:50:19,EQBT8m3pjNlguoWKHBUi7HDlSDPYB8gH5ltzsr0AW4obyB1-,Uncommon
108121376082,2024-07-15 11:51:02,EQCNNdQbb4k55KOfsKyAbYAS-rZr-TPW3r-qHfrZISjXub49,Common
653380387529,2024-07-15 11:51:02,EQCsq3OAkdI1xP59TuWh83BtdahawJsnBA4KrW43-aOSYfqZ,Common
260789405438,2024-07-15 11:51:45,EQANbt50WZh_XmnBC1xCKn-2nn4WLHRzoUqIdEyoYIOoGBcr,Common
739163225701,2024-07-15 11:52:49,EQA8WUxJZ3SJ5Li98ze1aQxCVxDdjh0XWYvfX2YqBIkn6DYS,Common
663918705662,2024-07-15 11:53:08,EQDEFAM5nfH_yfsmVGXBUgErKNSBLwUoFF9W6pUhndBcj0Vt,Common
537483573668,2024-07-15 11:53:46,EQBFDkaleOzq3XTuMf_Klk2OaLujUCH--Swf79PX9HkRni3y,Common
524588254957,2024-07-15 11:54:30,EQDQSk62ZKXc1yiRbtx1vZA-gO0aQPjbwURb0OoT1Z0zv2tA,Common
124698821894,2024-07-15 11:55:01,EQDZnv0dZbrm8-7OV8pGzg7r_DleA9bH-DnUGFiw7-pLSgGB,Common
805399491854,2024-07-15 11:55:07,EQBcgwo7yA6j-1zCrbXbjEOLPMOJ8JSitllJz2oxFLyjVBiL,Ultra Rare
871955472410,2024-07-15 11:55:32,EQAwDLQ021fOfAwLIC5qg_JUgxmxwm_f5D6ij2lsz7KX6G3w,Common
471352433804,2024-07-15 11:57:55,EQA_BteA7wpDUuULMGLe48mJ6t4-djdMgkrGO3X1Dli9A026,Common
768698075319,2024-07-15 11:58:07,EQBrohb-5Db6lb1nwA3Qpp1UsqklRgF3ST39oVFa51nRLwII,Common
400357148251,2024-07-15 11:58:38,EQCv-XJFWtSSEJwW1tiDbPJRyz2cky1Fsv0GPamYAhDwrHA9,Common
439918945155,2024-07-15 11:59:16,EQA5_ci02rNXVguprf-Qjp6_9sBnmhjl8ebB2w7y9wtMufy3,Uncommon
124929227981,2024-07-15 12:02:38,EQBubKmnkOTJu2Hg_L70nGAOgsrnDiMyJiNSuf43YO7raDkF,Common
124165298241,2024-07-15 12:06:12,EQBEuYpP0v1TIwLjLvfLRGn9ztlSD3OYgIBkMF9OH5gMV1LA,Uncommon
384780241910,2024-07-15 12:08:30,EQBScDaxqwOq1pJv6rlL7KX3qcux8eg1HaSTsA2JBf6osdzF,Uncommon
659819084218,2024-07-15 12:09:46,EQDP1y0vTfrOFJ0pO2IW35h32rODXTuVkDOy7NqPXsaoNzze,Common
367924363043,2024-07-15 12:09:58,EQB5Gq5Vs1vTNoYUnE-i7OAPkQCndK9RAoK6USeNFEeo294J,Uncommon
405180695582,2024-07-15 12:09:58,EQCj-hT6RTJi67YT8KOsQ03ASDoiZjXJynWP5FpczqSXdIru,Common
283244765309,2024-07-15 12:12:25,EQCeHZRstVG_YrBvh5mu9iqQ16A5Rd8gkQyBgJUbocMBX1EH,Common
653436351144,2024-07-15 12:12:50,EQBhrtMT0jh0tTky15Rj8fYrBLPzg1FqcpJBQkuQlO27UtjP,Common
525557753713,2024-07-15 12:12:50,EQDBa3A8VNPUnU6C0PeWhmZJwelebclyaqlLDNjdTC8RC9LE,Common
459380645235,2024-07-15 12:15:22,EQAZAs9rWC2KIdmH_vlhPSTZOajUTjycDNZ1tMxFjhd5DRQr,Common
250522516612,2024-07-15 12:16:36,EQC7kgApi8VnPxnuS0PVjLzHbIzQYpToWRJattZWsJT4E8Q6,Common
995118773721,2024-07-15 12:21:07,EQDD1TJTSEnj5ixGjsN6-2uEd_jcYO9BAZhgLX2o-_skG_Eq,Rare
673997522673,2024-07-15 12:23:35,EQDHtl3NMgBJqmm6nbcIBRob-WqtdDMpAW76S6WyZOgIucvo,Uncommon
105668165328,2024-07-15 12:23:47,EQDr4l2KKL-QjoCaqmJQGvfsL2J2JfraLmzQTJjBKKtQ-D9U,Uncommon
422996364390,2024-07-15 12:26:41,EQDFtWz1dWEQPJlLHigYt7kBwMhvxLmlBh3ll9Xq9WJDIhk6,Uncommon
477749186175,2024-07-15 12:28:16,EQA1Ou7JbIsrenihu-x89mcYzuZ3oqASMDypHCGILX9Ytds8,Common
785134021957,2024-07-15 12:32:37,EQDajqxrbMYtKG_0pdejdDMzYolTl0476jJxWdpouOyzxEC2,Common
905713453645,2024-07-15 12:35:55,EQAzcwzJABn5U2xdqfy9mdhCTkw0fUvRUc-gWOHBZi8xzUdn,Common
699861739481,2024-07-15 12:37:17,EQByHFEmZbYg4uBBjTs0uRMwC2RXbSUyAT1_pGOVB5JqFEUH,Uncommon
573985138854,2024-07-15 12:41:45,EQDke3epp_CeMQrhqUoyqZWuDopAlh4nhgNfhuWtKWhTdd7J,Uncommon
624922334439,2024-07-15 12:47:33,EQCL6w5T-pCmgl6FybKT2SazxMlqqmlHBY_XRq092hzTDAOW,Common
159995938261,2024-07-15 12:50:02,EQBofMsh7rwBF7SST87zRfp_b22lOAJHmTRM6oU6oU32wKto,Common
850951346080,2024-07-15 12:54:04,EQBPVc-cZwzqWQUuwK4HcHXVLAfCOpo3X0wsJwE3cp-y6cd3,Uncommon
493374774557,2024-07-15 12:55:55,EQBXk4J12MO7oAzS1bk7tUCeqlnYuLUZkdxPi9EHL5h3wBwH,Uncommon
505148689975,2024-07-15 13:08:19,EQAU3lpdGx1abwrZM3yY_yjMGmpcdu7jKklplZIKbVGG_696,Uncommon
829864936943,2024-07-15 13:09:40,EQCcg1oJ_ZBNvv_GQOk9GIG3xytWitRoWRZK7_kp-Ablpuxi,Common
885452513049,2024-07-15 13:17:07,EQAu2POk3IzMm1OgtYt3IjR8sys3PxHLiGhJ0qEQ7YAcp0qZ,Uncommon
896389522709,2024-07-15 13:22:23,EQCwI2hGsPzrmrLqaO-8YtwVo82F0EFz402kxLDAq-3u_jVV,Uncommon
415049936269,2024-07-15 13:25:42,EQDX2F-PEu-gIXm3DRoKz-NsmCe5_beE2gleeiD7--9UDSf1,Common
537472659751,2024-07-15 13:43:49,EQDUFkJ0Kkl0sibE8OQk-Ng3dO8Tr5CNQDNxPtOHG9LHpaP4,Common
761714424117,2024-07-15 13:48:25,EQD0nN1PV5Aqb1Ue8_1qSA3734VCkUMk1wBki9scL-Y5AnCw,Uncommon
167939176743,2024-07-15 13:49:53,EQCm-Vr9TrttDS-uHZnZgcNNWP_npEXObDUoFmfGNmk4-W_L,Common
488359035873,2024-07-15 14:02:44,EQASkNPWHZiJWOLDcYN-s81iTcu7tikql7-DRundWGFXbmNV,Common
201487661490,2024-07-15 14:04:49,EQAQmhRqXaNjPVdTKe7dIbsr-A6EkhXvY4kgRW__rd43pPya,Uncommon
329690204323,2024-07-15 14:10:00,EQA3mgjFDqXLpoz4iI8aG1S6pFrpPC893-ZrFLjZ-C2gXwAl,Uncommon
985150615767,2024-07-15 14:10:38,EQCBQiVXj2oqagTvrQoBFjRvkJJhoVjYyfL2QwdeToOy9GwS,Common
452128752285,2024-07-15 14:11:28,EQBUejnalaDjP6tAPrBpq8CdECcgqrvnV3Xd3hUTX1kA_UAr,Uncommon
369535456868,2024-07-15 14:22:01,EQBjaYTMIVT6gxEXglcRrlxszsvwuxlAzyQk6rzPKO4uDlu9,Common
853554789118,2024-07-15 14:24:42,EQCCWRLbPtn17FJJH6Vh0bEdXmIFhWOm0AQvGxG0vmmF-b6C,Common
317421936422,2024-07-15 14:25:34,EQCYXYmX-p9Aqxe-u1NUIh6Qs49_hs8XLMo_hUFW05wEMC0H,Common
324033312562,2024-07-15 14:27:51,EQB4_N4VCVoeCoxfUiHopszPIvg0LAwEORxMX0PdLM1pkAQI,Uncommon
998879357766,2024-07-15 14:28:22,EQAR8ugWkWxI0nEcvrD_xYHQ3cmWFo1iWfKJSwcnU1NSGBEe,Uncommon
638331249955,2024-07-15 14:40:47,EQDnmIT4yG9mp_1WLIQVbV80J7_XsNCVk9g-AwT3iABzWG0U,Common
246296569200,2024-07-15 14:51:53,EQDwIIBUn5Q-egr1xl_bfYCwM3KprIgGxXSwMVRjAVEsOj5e,Common
433777198234,2024-07-15 14:56:57,EQDRqqHf0kEhJrCJf388BPQuXTB-v3VkDvDlFsb1HP_Dudqu,Common
333090462955,2024-07-15 15:11:03,EQASNCcK_CjAQHu1U8CgpnZENNGV_cMibS_Wn2Jg9bBkpHjH,Uncommon
256523315811,2024-07-15 15:13:01,EQDvlC4eEy2kq2tiMj8w2_5c6wBmtyrZemCZPDqqneOZM2hw,Uncommon
546591348631,2024-07-15 15:21:25,EQAT1XB3FrMg_sQhAAqHPX-vfep2HAg0INQoxsDQsxlmPGWb,Common
904149854786,2024-07-15 15:23:04,EQDOBShjfrFnJzuQKbb4GGgr8z6Dp1iHmRa1L3DSeemCbN6t,Ultra Rare
240486301116,2024-07-15 15:28:09,EQCedXhF5KstZ6W0s9MlfvkUwskhK4aMNJqIFPkMRBAbCd_U,Common
435511849598,2024-07-15 15:31:37,EQBIzrqzYvLOzIsvmtPr-dox0JBZp7kLnxzdi32jyYDhTHgp,Common
630430135575,2024-07-15 15:47:03,EQCA-aUiHqdBjvjIxpNw4a0ptGO_EZQrxE0pX1Q8D_bDch_9,Common
193910369903,2024-07-15 15:49:03,EQCj55pCW3AEGE5OFFWAz2dvq73FnqTvHs1ayOGBDtRLYRTl,Common
790412137857,2024-07-15 15:56:06,EQDXNoopJxceaGADT1hh8nVrYnhChM_BAzL4IV7ITTj3WRBB,Common
559365731470,2024-07-15 16:04:29,EQB6PMtfcxpBNRB0H-G1xkjnw_qn2boX9vYXOXdZUvztQtdM,Common
601725589791,2024-07-15 16:11:04,EQDvF_Z0dqFYHpt7did1GGTtgs6bNct7LKPbF0u82Mu_7APd,Rare
881599891904,2024-07-15 16:15:56,EQAFlzUT9B-96Ru6_mJasIELGlWf_kJFMeoQL6sJMndx1ugJ,Rare
523636529814,2024-07-15 16:56:46,EQDpBG7P8ysIuJ8ElXDCk2WIdXDEPSIPptq7F0Gs8JfVWPZd,Common
853144544929,2024-07-15 16:56:59,EQAU6isybRLB_K-D5JAHLv85nwv5BLo-vqMid5nsKKLxAgVE,Common
364745017031,2024-07-15 17:15:12,EQCNSLcZw2bnFqXTacoH3lInyJ1kD_-b527MZRo_jJ-Pkp3V,Common
409482319621,2024-07-15 17:19:49,EQC49VCXmeRMBj2n2Wm362p-VhylhCTt_le3VOCGL27Nk1La,Common
231580559539,2024-07-15 18:01:38,EQAyhOhYCJmP1wM0bVLUOEjsr70zJmk70QtwmWtxY2fUtFbN,Common
241772375173,2024-07-15 18:11:48,EQCBxQWJhmylRLydZwKxZPplrr2U4ie_8cnp7UxyID2OOvpJ,Common
120731051243,2024-07-15 18:15:20,EQCrzQWYGS93sssA_inSMdPJN2iRNUU4aEnk89ZV0FdZABis,Common
607580475447,2024-07-15 18:16:54,EQBkJFpaUzMf2i3pi35Ruf4kjJ_QQwGl9TH3vB4U09CgQTE7,Common
648251071039,2024-07-15 18:30:21,EQB_rzy6eocKgyCcgbGnoSDepc_MVKV2sgi0m6TvDcHA2vJ4,Common
537150086758,2024-07-15 18:34:53,EQADe1igvjFhKbLkGxOnfwYDE48VBw5y9WmXr0pSdLpQC9tX,Common
966341301401,2024-07-15 18:39:32,EQC0BHVSTnIGo1VrjjrzmIKTTUJqIbKLGbHjMDzkL0hn0R_d,Common
608696883965,2024-07-15 18:39:59,EQC6EyXj3GEgqeGyhU9NOIL7VKcTgRZfJaAodSd-jkGdCmZB,Common
728111872913,2024-07-15 18:43:11,EQA0rM6OrL0T11itnTV3Hw8J8ebqn3BNRc7XHJe-U8xInKPa,Common
899744351238,2024-07-15 18:44:13,EQDbIxbmqpy8emlNoD_C61Cz9e2VQ3-WG1HRByMRMxMe_5mM,Uncommon
483486682943,2024-07-15 18:52:25,EQAfUUOwLEwigaPUaB_KUhhOoJmWSiHxgh3YqB-M9CQJWV5C,Common
567947451171,2024-07-15 19:09:02,EQDrkhYPo0FLSV2jmc3E7fKk12pfnejB58MHSknIBOlgIdvk,Common
982535211975,2024-07-15 19:30:12,EQBz1lmyuhbINbT7QEfMvm97SCswehrDfc5OYjYK9Jhaqrap,Common
891745187521,2024-07-15 19:34:03,EQCnh38Ute57_qAR28mCZQV9sLZ3_PnfOl5HG_Jgjv2ISUIl,Common
961265388331,2024-07-15 19:36:08,EQAZocAue4fnyKzWLEmPIw4MHJZhzDC9mKSTNFeVwrSKOCvu,Uncommon
727654131519,2024-07-15 19:40:17,EQAtZUL5nQns4mDiXKmP4_4xfoJSsYRPAwqqbAKXSsQwDkja,Uncommon
261336912132,2024-07-15 19:52:48,EQA2RSfcWfkOzJX483bZZbO6-tsA9C9vD3xPXxx4Ecl85PXr,Common
285058926822,2024-07-15 19:55:12,EQB73GgiFPcoO4Wz8hA2XPmc-vJKhGOOvE7DE6cIiycsnLer,Uncommon
243232801346,2024-07-15 19:55:31,EQCrFXNbfE1js-4TzwkVjg6rmToZwAGmRDuXmBQayAx8N7aV,Common
524217948995,2024-07-15 20:03:35,EQAD7ZmJTcN9kdNzRZkbXGvMY0di4dPREl7zinOpvRyNlXJl,Uncommon
795781625422,2024-07-15 20:16:17,EQCjs-Ef432Fpr-7qVInOoHXpK8IX8I3wLMRL_f2gNN3OL1E,Common
122691595239,2024-07-15 20:34:05,EQBAyOTpZWGwrmLAwsVBDNlB-ssvdU08xIk96gAdOp-Kledw,Common
744380949322,2024-07-15 20:44:43,EQDFJ3MB62rLply8ajWxMaCFTit3ipHgrnGmkCDsv2fSJHAT,Common
355561675202,2024-07-15 20:50:58,EQCub6BEl7xNXJiXG4xz5ahvifAd66sLI92AH1iYcl9Eo079,Common
630854738718,2024-07-15 20:53:24,EQDNmUGx744ujIOmFnNy1E9ZMbNfx936hz3MhFw24N85Vbnt,Common
947511842137,2024-07-15 21:00:21,EQBHGyt1-Insy2Cw3a7xMi9SH6R88pbCx5t7QRxQNyNQgcbm,Uncommon
796798743162,2024-07-15 21:09:43,EQACKhfo1HaaqZukovgfFC13rQsra_PqYHReqKhy0hqn9n4y,Rare
394995776375,2024-07-15 21:24:56,EQByzXX-5mxg1AEwVoC3U7b2mTFtg4YGslUZuMENYVBJvhQG,Common
314483121607,2024-07-15 21:34:55,EQAvb9N-o8WK-dB9f9sUKG2WxISVP519iOl-kAMK52a5Dh1u,Uncommon
339858553291,2024-07-15 22:20:55,EQDokUY6OJLvooqtRpYVUc1cyH-LTx0fU4AXi6-FPrHCQdW2,Common
756612065177,2024-07-15 23:11:41,EQAZjDNDqXpA5YNbjIftlW_TA7ov1c7Jh9PaAs6yWb2HnYzb,Common
382167488887,2024-07-15 23:13:33,EQBBXsS5Bt7l2yilQ-Y5SBvKnQRadkDdy-WZ1IGexRp323z0,Common
331821884076,2024-07-16 00:28:35,EQDx5FfAFQ_nKFimGLkeGENPh9bbe_Yo-TnAF9YJJ0DSqqez,Common
241429582945,2024-07-16 00:47:07,EQD3JmtV9meMIsWf89Nyt4E8qQDJFLvKq_-YF7vivaOPnGPm,Uncommon
960984094693,2024-07-16 00:54:20,EQA-O1UVfVQkzg38ROpSue2ZyIJ1HVv2BvUPNXWUrwHvtXOZ,Common
171249915153,2024-07-16 01:17:35,EQDKtA5w_bvz6Y_NlT2b-LMR3zfAL9-a00awlDTRiaylme0t,Uncommon
679523777387,2024-07-16 01:30:34,EQBfjImX8_XqLnaX22uLJP3soU1QwoHaCg2tlKei_fUaXanU,Rare
880231106740,2024-07-16 01:37:26,EQDplZJw1FeOYWrTHYiBrHUS-mAarLmHD4tk_tjlpaCyCigS,Common
367433598198,2024-07-16 01:37:26,EQCw2IlaEr4dvrd2ROkkRr6cTJvCvQzPRrZpXFh0K9ECEjIj,Uncommon
569591244185,2024-07-16 01:40:45,EQC802kYdf8sLwvCGsqPEm7ivz0SRV_CFN68Oyn2tnFtodeQ,Common
329429228621,2024-07-16 01:51:11,EQCqcbr8_nSwEdfKWPKizLEALWdV-E-InZhp4yf28ZIAnz1G,Common
943358184510,2024-07-16 02:30:19,EQCd4ND2ePaOXrL9JjdFFK06KMUmWhLB56tuCIm6DHtnKFTX,Rare
403149892234,2024-07-16 02:31:02,EQCQ6TRDacC1KbtPz6HYptQ8l-FLyTcCtAC_6j6wsQhCleuM,Uncommon
490530935048,2024-07-16 02:31:45,EQB95Eh4ASlGsqI8XeBQP0ubCFmWx9n_8pmejCG9LIpaD6BF,Common
714868821262,2024-07-16 02:32:17,EQBDYlg6Am0YK1wb0zeoq_QSCuNzVF_ClVw7YM5EMzL6pj53,Common
460351319937,2024-07-16 02:32:49,EQDuU7cDl02lZhEkZxltlmYHpozwtPA3YFYebpGC3p2AgO4u,Uncommon
280977422402,2024-07-16 02:33:52,EQCib0fbXXUEj-FkPB7BTA3vYVDYZMj3uXohPg2pB-04Udjs,Rare
695322123357,2024-07-16 02:34:47,EQB9VGOA6CPaCIieqX9DXMO0R0VxZJQobwjJLOjRmmm0gGgp,Common
523221634264,2024-07-16 02:35:38,EQCi3SRfoEIgZYZnw1lGrOJ_YtwDTI6FWv3XY24VCoptOQrV,Common
990214377281,2024-07-16 02:36:29,EQCWLk64jIT1HlwaEbqmx6tFj81iIFJj4qtbaqTNw4cSLbT0,Common
887627506490,2024-07-16 02:37:00,EQBwnllhzMuKy1rdmbiaGRKPi9J_7g1e6V8tFnNQ2gtfqOAu,Uncommon
922367483252,2024-07-16 02:37:52,EQCcq-SIRfpaRisJsh5-OoXDN1NAEm2lBd25HcTl6q8iUaw8,Common
789524456205,2024-07-16 02:38:16,EQDzxbqqFDGlZKVeVYg1yjyQLwp7SC2jbO6Kc1EyNib1A4FV,Common
666530116575,2024-07-16 02:38:59,EQBPPJ7V6uCpl-9mB7QFfe6MbAfRbRlUTPBlJTyTPG-T9PvW,Common
364266567258,2024-07-16 02:39:29,EQBZ70bg1bFFHmhUUzZlKkkwZk1gSF7EWszPW4tkvE_TKqcK,Uncommon
879639064288,2024-07-16 02:40:32,EQBYazDDeDrydeG4MzlL1qlzflUQr4KdxCwGygzYBF7HWa1p,Rare
677349433003,2024-07-16 02:41:15,EQAKL16L9xzlkVSmKg8IDwg-PTWDAhRjnuIScAAzJ4qVF7CT,Common
148242598778,2024-07-16 02:42:04,EQD1bJDm6X0u5imXkpA7pOxF2eN-vsnDcl4XWV3eXV04xy_q,Common
954537364587,2024-07-16 02:42:43,EQC1I4a6BT1sd2ULQ3ZaZuSB0Zh62aWVU7asWtr5Vt6JvrQt,Common
925096182355,2024-07-16 02:43:21,EQBO7BSyYqWq67fM0LfZd1_W8BTbmquwY01pT44DylBkSdVz,Common
108624668433,2024-07-16 02:43:52,EQBSSMoJobpEX1_6iSkCQR-E-5jd9eDa29I7mPEEPp8btPUD,Common
727747125212,2024-07-16 03:08:08,EQCK9CMu_yvgmOaDsidFq_ywMzXJItPPlw4wgt_5WJMVYdeh,Common
396139284097,2024-07-16 04:02:36,EQB6MVvSWkXyN2XySTBsp-USHN5TFeCwcY2zlQNvI-9HONS0,Common
795134259028,2024-07-16 04:48:28,EQB3IVFavRdGfBzfw5A57HTNKsASgB863AdQ-MLFGyIQeWfE,Uncommon
465452038512,2024-07-16 05:28:43,EQDD-zgyHvMJu7dj9bZfiGkyOXhRFe3ct5qbe84Tbby_JMlm,Common
166138049301,2024-07-16 06:08:47,EQA_zXpfbax-G2qFaO0cEjTBl2y1oV7cD5MaehDeIZaSS4zS,Rare
179591121234,2024-07-16 06:24:16,EQCunt0kQ16Fdk0I8W4Cn6nkhdji8_VKNLVjZoWdnNXJibzQ,Common
760932006092,2024-07-16 06:35:38,EQDRwl_Nt8AWYQtP8B95f2b50WKDo-S4b2KOpZX8xvcQ_Ovo,Common
849573066213,2024-07-16 06:51:54,EQB9ktSWhA0vjhVLaATCjQEaD9T1Fvn-JPPxfk4OyJUv03XN,Common
836742694054,2024-07-16 07:03:19,EQCPRXouzVx0sl4Q7fuIzRIVYNeeIlWX7sGveHV-6WWJ40Qe,Common
488684934665,2024-07-16 07:13:06,EQC-hby4-NGCZLzVnCBR2N4DFkaVxZBH1Bl0jfG4CbabO3Uw,Common
407586597307,2024-07-16 08:38:57,EQCvE_Ozpr8u6GcWxUkibI7l7aO9cuu1MXMnXarSi-1cuhaS,Common
778958629265,2024-07-16 09:24:11,EQAHV47r9_uJ50JaMOk-ly_YX5taWQ4PcnJh18lrU-nncACn,Common
492569237410,2024-07-16 10:05:28,EQCfQ1kPY4Uy0KIES_Z_q7KjDeCmfGvS53z1pKciKWWY4LrV,Common
444494295811,2024-07-16 10:06:40,EQCB18tnrgSOY7QsaiKbcGhM6-_sojnMx-yi7nad-LwXecam,Common
126946142198,2024-07-16 10:14:37,EQB1vJFsAYIj1UkUi6t9L5GHr6dzLSPhWPITnjUPsyabq-s7,Uncommon
296119379902,2024-07-16 11:49:42,EQAXp7qul3oHG67vgmGxe7PuhHf2m2WhoQzFGIxBHrkKO07_,Common
571383718754,2024-07-16 12:00:38,EQAvPyrHSZEC8TvQ2ghaZzCGEmhDo3PLZTW1hCfleWXIMM6T,Common
373847246596,2024-07-16 12:21:53,EQBZ0BPmcJL2hlxB6gsuBJ0m1oaEkIZCQb0DNl9LCqn51q4D,Uncommon
520343277488,2024-07-16 12:36:14,EQCiFBgwTzGdm_DNVUgMt5RcMkn8pt9jNqJUDL0_sbQXEg2o,Common
439474949911,2024-07-16 12:58:00,EQAMYIxWcKi5B7d-qP7lx-aVLDrJBfD5kwZWGawSH0BbX3Kz,Common
248061604156,2024-07-16 13:04:21,EQDe7rPzBJNo9oAVLi-qKke9bg0feAWMYvMoeVC45aV5Kf07,Common
609739313167,2024-07-16 13:42:19,EQDdkdAYILF_pgJdFXmfFukiP87ghtyzdmNRJQ1UJijnQykv,Common
106281569423,2024-07-16 14:05:35,EQAsbe_AiOMFbep-eLDOKSjSuvgtQJFV8xU33LXFN4dnDFkH,Common
231460952669,2024-07-16 14:12:44,EQB34tm2KvfjvpdKWZb5WiatRtRnwse7zfiqgaqfeXeLu9vk,Common
330917753750,2024-07-16 14:24:43,EQBPBxu9spNwoJmtZrtiAVvjUrbL9GGZuGMqW3uYL-Hn7rpZ,Rare
578630138122,2024-07-16 14:38:13,EQBwWiGLm_LTug7yg_YFVtURkecQP8kqzCE-Ui_ej4hYOGdJ,Common
823270298967,2024-07-16 14:58:29,EQBbRFFxAd70NtCZU-mlvWe1ORLr3tdx9Jwc5A_ua2q41XLU,Common
998447366124,2024-07-16 15:12:42,EQB9FBYvm5DOJmJEwuw6t_VT4VizOKMWxqqGXY0D2uNlAtjT,Common
818930185637,2024-07-16 16:23:03,EQCs3S8Ke__yYYs84xzfQ9ZggkwGYGLC3NCSpFK_VIHOkm47,Rare
631477531048,2024-07-16 16:36:07,EQAv3piAVDT49bOrvn1jk03wk2S1_2mCEuH5giv8bZN34Ose,Common
630585268183,2024-07-16 17:12:49,EQC_R_PxkThwPyPkSmg0sSQiu-5gISuB7Vwn7NDcpuhe-7lF,Uncommon
132021593734,2024-07-16 17:31:54,EQAPlkTcwu76OIaUy1GCuys5lUsWy2dDIF3LMyJuKa9RPRRj,Common
357817749545,2024-07-16 18:19:29,EQCP92WoV-Rg8oe6MtJy9K5-RS30r2onkJJpw1Amazm_R83X,Uncommon
628270474104,2024-07-16 18:30:24,EQC5SZvcOzJiOlikg4PQIBoKp7UT9_sBjY2-geUMgh8xVbDS,Common
852656007226,2024-07-16 19:14:26,EQCSqiIytaFhpMi3MW-jJqgfxFoaM_QXDxissIgjdcChog9Y,Common
307034445616,2024-07-16 19:17:43,EQBGdW7FnmoOq9Vp0dKMxKX8TikVlImCqWlFDvzceO3_7BX5,Common
853630431152,2024-07-16 19:18:32,EQAmWYF-RhqbLT8l6u5wqvTg1O7BlqZ-KS1HuDnceWW_z6sp,Common
871254362789,2024-07-16 19:21:31,EQD_LrglFEm9IeksdNnGUucZTMvAIxfpSfdq9pNoZq_W462i,Common
763792164882,2024-07-16 19:52:09,EQBA1Fphh2VW1vrrANdlHLnkgLkYdTEBzfYBXrdpuVsT2ycS,Uncommon
770595351018,2024-07-16 20:38:34,EQAMkk38n3_DBMmcvxJiHGDqI2kxgKXfByKh6NPBM270cRQZ,Uncommon
624941883485,2024-07-16 20:39:44,EQBYNs2jYLP6ESdzltTIqq-ADrCOo46HOtq4lho3kHJ7KSNb,Uncommon
813679012622,2024-07-16 20:51:50,EQCpHfVblSaloB5vI_e0xXo4IxFovk77XR26DgoXxX72_BWM,Common
687489275260,2024-07-16 21:05:07,EQCKh3xS-yI1mLepJj1ewLaDiGObs9agw97EuAIw6VghXMc5,Common
381288536914,2024-07-16 22:59:00,EQAPYicBKelnr82p6W7vn9--TqCEXHxbLNGHGA1e12duDX14,Common
207227628404,2024-07-16 23:19:39,EQARFEeqp_ys6duxY3xbk1L8z_sGHaOQAGDDNzyL2P8tnwcu,Common
763037531004,2024-07-17 00:27:18,EQAfcLDV-DPs28HIkojEQFKWLrc8g2IScQwnm7yvDRdpwTWN,Common
513556477939,2024-07-17 01:18:42,EQD4LXNoozZP_vJMzhCOxsqb1b7uGFKB1KpDm0YnjGz64FYc,Uncommon
223864717789,2024-07-17 01:21:37,EQDw19IF0jWTCLFUjovrn6DUAdiMrT0tpzlH3emw0koDxMdv,Common
691273495226,2024-07-17 01:22:26,EQDsq_qf7uEsuFgHsLq7sym-kO8CaIxq46O4PM8L95YehoGA,Common
105767185538,2024-07-17 01:23:24,EQAWZLOjMTG-rEyWxXi7lzSON1iDnhBQB5hAqDrLtyy-1SmX,Common
540636249568,2024-07-17 01:23:24,EQAYfgc5J8r05Nq34QLZDB6Y9XxiAix9-nfq1aJ9RMY47VKh,Common
773882797991,2024-07-17 01:24:40,EQAL3SUWIrWArqG_d7111ydFZLGfuaQII2r_44wg7EBHxBQj,Common
747946376349,2024-07-17 01:25:54,EQB8ug7NmWhdJSXMo1iQvdyK3kBBUEnk6cqMXPrT_oQnF4IE,Common
688638665084,2024-07-17 01:26:51,EQAEWDB1l5w8nEQ0GhTi5283uClcxsy4EoGmAvbfy6L6xjfa,Common
346189881080,2024-07-17 01:27:30,EQAz7xvl-AutDwBz0utmEjobo2Wi-H9JP1MJRb4SJXxjQiP5,Common
456092762948,2024-07-17 01:27:43,EQARLyfvo3TVP482YRXjr6lwbUGEKGzLmdTKuML1NmZtquT6,Common
222453386518,2024-07-17 01:28:20,EQDLlbd5A9ODy1_4ofy2ruH98Baeei7t6RrbWAfAgccPpF-U,Uncommon
258870124987,2024-07-17 01:28:39,EQAomvT33W0D7oweoqO0UfTsPYrijqhc05ExYFsFVnbjqrZW,Common
971274143502,2024-07-17 01:29:23,EQB-1wsBQMBxfDCHGmkSvZGbGPLTCS0ThdkYEEpY4Jjttp-W,Uncommon
507397177667,2024-07-17 01:29:47,EQCi26m9VxbRTn_ZVBc3FMhzVsdcyWr4M4JWNGUXPnh0XomR,Common
444938796034,2024-07-17 01:30:25,EQD6u0iIw_tBrJuPwT3ZLyaZI9oaqjDg79MVc1rKpPZ1G7p6,Common
292925449960,2024-07-17 01:32:32,EQA72FOjz99oVTAdW62Nb22vj8hVccdDiGvDnasP9B3yXCj9,Common
274692976547,2024-07-17 01:32:50,EQCGZ3oxQJLLjIxFv3F3OS1IenriGMHw2eyrzrW3dzXFpa-2,Common
451298222232,2024-07-17 01:34:01,EQCmGNGfWfyK7VSSPecb-gLJWBtVIrB1eGXlqfNZw5ooBAGo,Common
927676245362,2024-07-17 01:34:25,EQAJKfHs0JhsNgl8e4VFzz5nF9d9272Vki7Tqt4uptI2JsNK,Uncommon
907571648762,2024-07-17 01:34:56,EQDlSCibasyBjjSQcgiLoYKrWYUbLps5E8GZ_tBL83hUOKKo,Common
877994961608,2024-07-17 01:35:14,EQCcIZDNAy_ONNIwakwB9ZnPYcTAvMNy1Wpt-6N3JY8chw3b,Common
159515846871,2024-07-17 01:35:53,EQBX6FePD9z40lUuKYfO0DoGlXwDCEBe5jqkINX6RjzqKr5X,Uncommon
108818617789,2024-07-17 01:35:53,EQCDt_fjLhrgppi37elcur_b7pdDpFd0O2JLYxqlotXlR5_c,Rare
717817941100,2024-07-17 04:16:45,EQBIMnmfwuEsEvtHid2zSDQGJDel0vFgnRFgm_1wa_CHCLvG,Common
281632951892,2024-07-17 04:48:37,EQB1ESufnwYDTnWMtoQkW0g-6R9xaNVkNN6Ytt728Gu-KWjf,Common
267014624190,2024-07-17 05:29:35,EQCZ8XoUipgNSD7LOtEYQgC_yTo0k5mgmqw-CXov6Ft0i1NR,Common
367879696940,2024-07-17 05:50:44,EQC_FVbPj6WUaqsx7OT68J_yqncrmKSmnEejDUCTrZbF3hNO,Common
418856379813,2024-07-17 06:16:45,EQBau3AzFkEPMjPucQxMY4THOTqj5CO7KqyRbACzjVuiTD7s,Common
364022892241,2024-07-17 09:04:00,EQALbeCdxYqxIj57qVvL8bAL4jAF8s-8XK3lBIZfG1LKsla4,Uncommon
467895459201,2024-07-17 09:29:36,EQDChZGlhhugUUy1d-XPDM4zzLFKnxoLl0gfIQ4QJpp2qQ5h,Common
182071525691,2024-07-17 09:40:27,EQCR4FsnL-Ffcn29gw4PhxiSLoTVApRO4UsjUlntunw0nraJ,Common
906858738300,2024-07-17 11:26:03,EQBR_8AdqNg2VwJhg4IXggGzw6x4LGxNcDvogH0MRzy5ees5,Uncommon
782048858549,2024-07-17 12:01:02,EQBkTe9IiHLItM69tmNfn68uTx1XoXnii9qSFYZ8nsyvpKIp,Common
448356876799,2024-07-17 12:10:53,EQDVZWzAQzHz4PIgkht8WrztgrNFEQRAhQoidmHngbs3O-9n,Common
298340527619,2024-07-17 12:22:02,EQAoHqI93_EEeEzgsGfzwoDrfSu1oKet4ghi8BYeAUaqKla9,Common
502765848667,2024-07-17 12:45:23,EQDYcc3gJ7R9-C-FLvm_OzpFy33Q2W7FM0NhROLfL2l9gZvB,Rare
658792899421,2024-07-17 13:21:06,EQD1t8192Fxg_gAGi44iLoSJsQ7zC7c3-CJmshab8UUg8OP3,Common
469073308618,2024-07-17 13:39:42,EQBZFLrqMmrIYk9-bPuNsXnWYHbwfFLl8QLGE1k3geKR_QRZ,Common
617698277888,2024-07-17 14:16:33,EQDB8iLHb7hawlTJNighTTpohQ82JATXsS5zg5t1bduxpHtj,Common
569159764570,2024-07-17 14:43:06,EQAmU2waJPCtj2Ly2cU8PwjHF7Rv3HIHrnc3XlBYuTJLbwKc,Common
720782006493,2024-07-17 15:07:27,EQCUI427AZZaa7lcSZD2Pw4JtL7Fc4rdU3jK1XjCrSpAPUay,Common
593662509140,2024-07-17 16:41:50,EQB7D__NLc2XuPsoRmI0Q5HkiglaD3nyTKfwuBaIXcVZMXid,Common
202041542186,2024-07-17 17:02:19,EQDGumHAy8iYykRkuxuuR4LDbvWUYS3HCltLQujcNCMn6qPw,Common
556146771212,2024-07-17 17:38:00,EQA3HM-Ck7-xWKAG0XiMUtQGtLVgoEd-4_NC1Q0vi_wfCQ0m,Common
259484983848,2024-07-17 18:18:14,EQBWZmdpw18k8fYnbfN1omq5w8S27aGhnc3mTqD9fkTAvJ2V,Common
410698756532,2024-07-17 18:23:50,EQCL-mTxjBE4DDZ-srolv-4W0Mm9P3-yC-5RrYtxL-rC0s__,Uncommon
254087066002,2024-07-17 19:16:21,EQAUxaMYOM8Zy6Z70wcZQcI8T67hjPj4C6D__qAX_e1lTF94,Common
527271156634,2024-07-17 21:07:05,EQDYofTmjorJyWJteRe-kQ8SQ1VO4M-ZCUkE_OkiL6OS27n2,Common
785857522253,2024-07-17 21:33:23,EQAIbnoH3tlmO0qc_rFPVKQ7rLgXxZ7XGrgkYi2xAIPrEXF-,Common
388687571321,2024-07-17 21:43:47,EQDrzN-8kgMFiAh3mdluwRyn1ISbKVjuFKzWwZPTic2MdGSP,Common
419591908972,2024-07-17 22:48:15,EQCOyGHJB0SVLA30QVZuEsOHzRd7XOOV18VNtFRkkfU1vsNH,Common
990042227912,2024-07-17 23:07:42,EQCd1xISG1eNx0wa8JQ_oZ5aPLlD5jglUbM92fSsPl1yXPHH,Uncommon
864062862468,2024-07-18 00:16:51,EQBvSUU6wWQmPk632F7wo2IjjdZ3vj4cp_vrXlMJJqgSaRg4,Common
893424287547,2024-07-18 01:06:49,EQBBgWHAXdoTEZJmeieW8hHW7mDYQQj3653_W2cYn1ZkHrE8,Rare
268142245105,2024-07-18 01:08:29,EQCBR2l4gcAYKpAeNgw8c8tyQN4NPIB2VwLeFXhbrau9CAeX,Common
499951276166,2024-07-18 01:08:54,EQD0Ip6JUQaQBUI3Md9-vmEUsoETEN81MpY5AwevykVaFhD6,Rare
581380152265,2024-07-18 01:09:32,EQARU3v-EEfsbXh4Tt0oib6UfsHAvarVHXGufBoe6DLCtngr,Rare
745797859292,2024-07-18 01:10:33,EQAgL--Um9B15bP7Wmb1zLdHV8roBHrGPWTIxHaXDdr8_n6-,Common
390139692057,2024-07-18 06:08:19,EQBS4aVbC01LALdrJL8IOkng-NJ6RnDaq9r8e5lsRE3Mv-6-,Uncommon
817259978529,2024-07-18 06:52:24,EQAE5iVx2zAjix4JxjxP29ikAYqXnarGXQDzx3z9RN9FUId3,Common
768163339305,2024-07-18 07:13:53,EQAPYe-u7HsAgbiuceu7IKE_7XQXJ9fLsPKBeiPe1wsmovCJ,Common
306784899025,2024-07-18 07:38:07,EQDyPzLdjuZu-JSiqQh6-4Wok8yJTFqPnZalCaeIgRp9qXU-,Rare
814878535467,2024-07-18 08:26:30,EQC8Qg8eOoVbqHajSFGBX7mDCCG8JoKxJRdBY0K2aptYVETt,Common
373539728967,2024-07-18 10:29:53,EQBNqYnYGDpYgi7izTy3s-lLDZIWm8cohUsGgtKu_bMwGqNR,Uncommon
867626132143,2024-07-18 10:30:48,EQBwShz53EkdgaRigXRzl0SqUe3chs3nThqs7iAZoOw0FF0E,Uncommon
497264987460,2024-07-18 10:33:18,EQB43ymUCSQvBfhhiZszGOREhrRYhXZJ1XQnq1gQnUBfZVUl,Common
582813986934,2024-07-18 10:33:37,EQDbC6C3u6QsCdKkPNKbd6Q-S0HdXoYW1FuvUxNB15V30WVc,Common
996115492292,2024-07-18 10:34:03,EQAwdjhulztWrr1rPNXEkIi4hakE1FPU18Y8xiB2rid7huii,Rare
766249781472,2024-07-18 10:38:41,EQAH4sg4AyjlgPusBiQ9A9fxxZi0r4RkjiOC4oKMIWXZyd2J,Uncommon
502834458898,2024-07-18 10:39:23,EQAKedUClan8g4SE6ihhqsqGA1GlCPPhOe1gdQvpIlRQ1uWk,Rare
678347293404,2024-07-18 10:39:54,EQCAdf1PFOlr3otd2AFwUh6-vob0Uqs4JmxZsiZ3zIwBZ_ti,Common
269218328435,2024-07-18 10:40:36,EQAOeMiHsWslTyF8fg5I4L60kwUsDeNkZiR7jPcE9bTFBJPR,Common
947150553856,2024-07-18 10:41:26,EQBvknvFGCVPgg8O2gQuTGoe0WdVd4L-bwYlgw4ThXel_ppi,Uncommon
979433783459,2024-07-18 10:44:26,EQALYqWQoX0xHZoRYIscN0R_tmlLOlg-vK1T6E9d4XBfwtcG,Uncommon
510468443939,2024-07-18 11:14:03,EQDpwhfER3ynt1iiBeQ8n2j17fbY71PTxliXH0BmfjsksOgJ,Common
518468384724,2024-07-18 11:15:32,EQAX4JUd9XFgqMhxcAg2WQeEASImR786SAmPYYmjx24Kw_xQ,Ultra Rare
977563305738,2024-07-18 11:15:50,EQDG0N3_n5nLSnjJYJz_8yWCEBm2eFsI-inA-4QG0DK8dM6F,Common
260390348499,2024-07-18 11:17:47,EQBObPWT4sqm3Dg0K2Yw6OutcsUp9e9kqZttJfCpGkh78qLQ,Common
723473095637,2024-07-18 11:19:16,EQDnX3jhgAmv7PJ3odvnO8E1jccYd-WqI5nweY8y3pog67nn,Uncommon
191413678025,2024-07-18 11:26:10,EQBcE-n_NVZmEpH3gGWphuGmL9p3BWIlGM3DPHyL6cmSbeyg,Rare
765642331567,2024-07-18 12:06:18,EQARYJIBNKCrDZUFS-rhju4UEM-upXE1f-a_OJQO2gnpHvYU,Common
322136948384,2024-07-18 13:21:34,EQD44xpW4Mi6VLafZe_thQcBaPIZyWiyZgKNXolI3qyLoe42,Rare
832946554117,2024-07-18 13:21:52,EQCvNXXmWZ1vUccZxpK-3eBHv6ieSjY3hH2oiVapWtjvBHOx,Uncommon
106239734813,2024-07-18 13:22:48,EQBU1nFcP4RASbMrOx6L1vegcIokRkDEbl9YQnHkaN5TNIti,Common
144256936872,2024-07-18 13:23:25,EQAR6LWAKXzw1N2_Ci_GUHSpMjsEUTI3FsRABc6Z7Q1HPrKQ,Common
480271809818,2024-07-18 13:40:11,EQD3WFYgwBMtM47e8WyCFT704oAJIP0H3-v6453TISK4-pkF,Common
858862555223,2024-07-18 13:53:59,EQBPneTW2o-M4vkPaC37O1DIw9ufiqWC7W_sjj7G34Vc-z-N,Common
708943091473,2024-07-18 14:12:20,EQAJfNdS2Knd8oU2PjOFfNtoJU0xRsV5TPQ5dv7LIJ7BDWEk,Common
537592986259,2024-07-18 14:49:32,EQD-YxubWf8LrVA4pxSbTyuRyvVbxcS3YWKqSO04JD68Xq5L,Common
559987904390,2024-07-18 15:29:13,EQADEqsDfnuSX1J2TkrtbLCH8KV2SKPfBLDTEj_y97xqjSCS,Common
837454567049,2024-07-18 15:35:01,EQDmd-sA4cS4H6AroK3P24tDxH7GdYKe2wKSN631cydr3qT7,Uncommon
918179269767,2024-07-18 15:49:18,EQATPXFX7lek04YrfZl5BUXkAKH3ugPDruvRDrjgJgPFgP-t,Common
807679546707,2024-07-18 15:59:31,EQAgH2FhqFhw8zp12hUG_NVYskrNeChHOUUOYYPCBI87gog8,Common
887350781179,2024-07-18 16:14:55,EQA3EqaSsHjDAvSun18QGxsPTsU4mjO7IkrzGrQiP-IEu4n1,Common
970945157648,2024-07-18 16:53:33,EQBbaWMzrgPt0Wy7SBSwI8N1cQEk5rGjL25XgRTq6E0iVLcY,Rare
838133274390,2024-07-18 17:59:12,EQBrtlCiL3QDBP9i_D9et1Jv-x2p0svJsCwQJYiAEAC_w_Ma,Rare
599474762217,2024-07-18 18:58:28,EQDBolAq5vzuJQftXsTzPrEYLulQvWSuFZYfThCTWnO3x3EE,Uncommon
205877727067,2024-07-18 19:09:11,EQAhHtr4tgGRY0UFmw_yIWwRKt9mY8SPIo44foNQggJ1g560,Uncommon
309058911958,2024-07-18 19:09:11,EQByIFnMkrIwPjnVmGgX8vKHx-rK_ufNkl6S6H9t7tPKkZ2I,Common
815738809251,2024-07-18 19:14:03,EQApJSmaMuAhRlbsLlk-7ZRxXma5d4U2J5seo24CF-3p0FiN,Common
653099551895,2024-07-18 19:20:14,EQC5gcdpynQZwmFBTIyxiR6d76me8qBLoJWS3pk2yhszVpdV,Uncommon
725937836575,2024-07-18 19:32:07,EQBA0zgEbu9XiJOWNw1MJlZt3JUtwk_TteHjgOZ8tJaF3Zr1,Rare
972124796733,2024-07-18 19:56:58,EQCMqiL3waB1ieCfTCd4wutfiuNC1a6z9IxuYd0sF4FO9Lee,Uncommon
172882164361,2024-07-18 19:57:29,EQCz_PAlzWmUsUCv6K2mD2SKZ1spxlx8-qC8aZ5qY1364qes,Uncommon
157588548718,2024-07-18 20:01:05,EQAIMaei8asrKJrcTcV_TYb5r9HN3QwoqvSH8krLZYxBMphA,Common
228368652586,2024-07-18 20:07:58,EQBhJdVrHflCTG6VW0TJsSKPeahlzoIN-WFc07X33aV0heMe,Ultra Rare
337782052183,2024-07-18 20:09:26,EQB5z9fjwv8AbuJmNDQohtHB1LstVRvU20SzAQ8LMrD7ogS9,Common
868083932163,2024-07-18 20:10:52,EQA2mOUhJW1IvJ3Ik4JpRUogDWZ_IoWILXoc_zc3zHdlQrwu,Common
838427759439,2024-07-18 20:15:14,EQDtmmXt2mUYIC6undteLmh_zN40ZfClFj2FS_ocu6-6vwsO,Common
461972139295,2024-07-18 20:26:18,EQCgnrB1cY5XueDjDA-KBc1F3lS3CGfnPAT2RTVNwNB4-C7Q,Uncommon
612917993296,2024-07-18 20:37:13,EQDm1NmxNHO1ebyy0yhIjZuba8Tn5j19GjTL8-A96CvYqJVy,Common
498413005301,2024-07-18 20:52:12,EQBJMcc7lQeOCt_I1-I2kQnk24jHrrcwacX2ax1VX46QMFEP,Uncommon
203856242062,2024-07-18 21:20:47,EQCu69qA6w8qDpldWu5PDgHTzxuuwt2li1tD-FlWj6MpiNTv,Common
412944776826,2024-07-18 21:27:52,EQB05TIPZE4xKTrVAS85q_tT8XRsxkGTYINffSGqeDqA_oIA,Uncommon
957959682888,2024-07-18 21:30:09,EQDXcPc3U9CzVvG4FRfC_MEr9tzsMpkNrqwq_wrLPguzelDo,Common
668487025804,2024-07-18 21:42:17,EQB0c8MS0o3TYw17UGJyLtaOwCB433sdA9wgdQyXSGxUQ_i-,Common
518522253753,2024-07-18 21:45:23,EQBejCZ1thBdIqzHcTpXYJL92bZJZ3fDifby082-gE9CYvOW,Uncommon
380247932615,2024-07-18 21:48:16,EQB6qJR_qiMK3gjS-uJGKlTmR66IR4uPdXLKy__oUkf0LaS8,Common
129047863484,2024-07-18 22:07:46,EQDaAYINJk5xplqixuiCGHQaBGDX7mGZDQxpyIZHUSLypRtU,Common
115061979383,2024-07-18 22:23:28,EQALVr0K0YwLZ4QruVH2w8ZduWq04mLr34rgVxGLVGtK-Jo4,Common
776154853881,2024-07-18 22:25:31,EQCbv5_C82HLJsNvD1aLJOx7zE1deKLERNqlvFoj79W8H8x5,Uncommon
807983298689,2024-07-18 22:46:26,EQArUV1_DR2d7zampaW1cKylvaYwBI_HWOQ6rMmzWC7fIQMs,Common
742694477718,2024-07-18 23:01:31,EQAfAbi2xi9un5-JY0bqr-D8xNQY4GJRLsPd8HLnz1gN2U6q,Common
218322727397,2024-07-18 23:20:07,EQDXY9qcMtL4_beQvjPyrAMRiV1ieK4rvqD_Ew01F2ScC-0s,Common
356441269649,2024-07-18 23:21:38,EQCG3myZ4pYAW0HYIP3wShXtXP7JEW4ggUeiBqqi1mqdYQxQ,Common
949340386205,2024-07-18 23:23:11,EQCB4CfsiMztKCWlIjSwyKQWlYTlwBfJlXMIfdzF6i0B1NW5,Uncommon
170087504614,2024-07-18 23:27:05,EQD_vu5sZpJVtXSsRdBSoFmvaqoIwfAigvOYXhL49_WAWQmc,Uncommon
267469769717,2024-07-18 23:30:41,EQCviZCc38Bld17a7GB088M9ZAuNnaJQ8NLga2W7BZsS2751,Common
234496435130,2024-07-18 23:32:31,EQAucY5y3AROdM-UUWvGct5AjTkpHa8qcb6dCQTogvZzlg_0,Ultra Rare
222189919238,2024-07-18 23:33:33,EQDratR8pvPqZwgJAZYXvD4mT8ZTgdkjg1mJbn7tUCNkSoNT,Common
620560194978,2024-07-18 23:34:35,EQAdLoMZU_pPSTXE4liF5kw-ZPQPw2PwNzijgekZnw1ByD62,Common
404983129623,2024-07-18 23:35:43,EQBWoGdLAURwdf9VxHuLtFVtnj6rv4tdOwDWEtaJkaj7HLdr,Common
983341455898,2024-07-18 23:37:52,EQCcgAjE2e_bUWVsoplP7pVL2r3aU0Uq0x_86grDNUoxjYzt,Common
581513807497,2024-07-18 23:39:50,EQBvrrp_sa52M_Y_LSfUdACoi0nbIDomM4tstU7Kufgpdfj7,Common
286122459001,2024-07-18 23:40:03,EQC07zbY-fEsVCNme7p0yy8A41MD_l7wx9bJR2d-bV5NqPAx,Common
159529365986,2024-07-18 23:54:42,EQDtZXUGn1lbP9TmO7B7YzJvLjlnGD1fzb2bKePadnoE8eVN,Common
227419386743,2024-07-18 23:54:42,EQDE7BcOxByFBujjPqdfMB0Ia5RZ158cy_NfOUZ9s11hjveD,Uncommon
234458809035,2024-07-18 23:56:24,EQA02oSRPamOh6wxH8xuPpxsEsCAploljfnqeVmOgFxTtgHm,Common
255847034198,2024-07-19 00:55:32,EQD9dkCBs3OkVnDKWzndc16gDoxqfJFMNmAB_PFc_NcYZ6Mh,Common
108096713598,2024-07-19 01:15:27,EQAsxjd2-XDP4Dhg6kqpIfCmFwjAwpLZTnc5aC1Zd9O1gg9k,Rare
710896405373,2024-07-19 01:16:54,EQD1W5lu4RPRwpz_xCoLp7h3FSiR2a2EblI4bKxlsX1JFTOX,Common
777650311270,2024-07-19 01:23:32,EQBg5XlpDjlGHdlDjQYrxb8MnZu58y1Duy2N2CbLqKKe2Y_1,Common
587599517031,2024-07-19 01:24:04,EQB0KkmiLEKV7HQVxNJVX_cFPg3HR4M8j3ySUB2EY73HUy6O,Uncommon
305721238801,2024-07-19 01:25:00,EQBrXJMEXbFhQjJkcmPeCHiBCqfn7lEHZGSdbm-cf-TDsw-v,Common
662096379247,2024-07-19 01:25:57,EQDkfoTm8Q6P0vqc5Q7qaN4J7WHTcXGdMYCveEkwidJjgS9Z,Uncommon
842898113458,2024-07-19 01:31:00,EQCbcgWX_M9kni_UaCudGDrxTZvpZWbMJtBYzfhIF6vpixbS,Uncommon
129091485810,2024-07-19 01:42:40,EQBBBXFGGLOvOpRZiqq3C03ZvNyc7V0GOyiUsDo2A5pdTX0N,Common
855215355847,2024-07-19 01:54:47,EQBImd7vyHLfcV3LNsEyLXtgdAS84cSFVqe12MTKFKDhVkVe,Common
841963708767,2024-07-19 03:14:45,EQB9ATO7Ix763ZU8dxBTp5xiXKI2G_fOI82PMKL5H8C4ZDvL,Common
839317612047,2024-07-19 04:49:25,EQCXT_LmgbbRcnrPLwMNIFJfiIIIc0bafmf4Lrtrxq8G1Afr,Common
901348115472,2024-07-19 05:01:31,EQC1jJHz6xngeWk8eSGHRukIMTgAE5rbXbq4Yt5f8GXRcerp,Uncommon
529385298110,2024-07-19 05:01:50,EQDPsL1ixs-yxHazg50dKk4NXEmfCtqDyQIduD3Q2lvqk98W,Common
587264246585,2024-07-19 05:05:56,EQB-HgQbtD73V_-n4CqqxUJIwUcwL97Dha0ADG1jGIqR3uUf,Common
892581991015,2024-07-19 05:34:11,EQC2Jv5GrYaNtbQz_qNlPFkkt6r2KIM0DaWWElEUdHejplwe,Common
184969054246,2024-07-19 05:34:47,EQAbXwFqhV650dNxlkWDOZ3JxYt4UrNTOU68vvNQLrRbVgxE,Uncommon
825145953674,2024-07-19 05:35:12,EQDZl1PMSZkpNWI1dD7s6mI_MyGSmbcJgKGje227ZdErT8AD,Uncommon
450086138326,2024-07-19 05:36:03,EQA57OLaxAmSaITR2kwe5hcHfwOSANjvpJ2uWdv590zdJ9cN,Common
845665697784,2024-07-19 05:40:26,EQAXfbcp0as76nZ2kCjQqXs6w4ta5Mku6r8OT2RvE40I_aBX,Common
839681448636,2024-07-19 05:43:50,EQCxLN3liK889fvO35NjsglYUgkGmXSh6x4aE6F2KCNK3YV8,Common
880641856905,2024-07-19 05:54:23,EQCsooYQ3dUjcQcyhTVXR5r5ZwnWddVM6YbITdULxvMJHslK,Uncommon
703785907203,2024-07-19 05:55:49,EQBfbdSzd7AXumHgXf6KOmkYUHVtZOF7Yuj87CbA857pB5Va,Uncommon
526559757672,2024-07-19 06:26:15,EQDdJTKANBaIZQu9gn9M-dplmc4_5O5k5921QEhK-ut4uIy2,Common
646468051987,2024-07-19 06:46:00,EQB2jQerkk39lFrHnK240QLsm0rxkq8g44n1JigFbLc-p6nD,Common
119913495582,2024-07-19 07:11:11,EQBlNw0NQrE0GHCoTLX6sZAP8uZTLEYm-7l9OhXEpJcqJnWc,Uncommon
725964251490,2024-07-19 07:19:50,EQCEB102ReuaiaCQk8Um2zOdDVCjmbagdTzR0mTJ2-QzQb6s,Uncommon
628686175134,2024-07-19 07:34:25,EQBrl6nOqikytDV9onhBjt_Z5ApJYpFkhNVeasGYVaByEdRN,Common
468528974540,2024-07-19 07:41:29,EQBwpPWz6Yl5i-85c3Y8WbbRoarBTGN8UiAC-pSJoI_xsKwX,Common
113955715379,2024-07-19 07:46:26,EQDm47CIVlcwCY9KW4e7Zwnhoei7EyQSSr9Qjtm3K935ER4T,Common
924280292565,2024-07-19 07:55:25,EQBtFplNSYL6IqKuTwCVlx-oj_pU-ZG7roarn2T42Rwlhd21,Common
532358931356,2024-07-19 08:02:21,EQA6E7-SuQvnBmeSLxceMm5Xz7b_3Zu6vjn8NtHAmpywh99I,Ultra Rare
167232508957,2024-07-19 08:54:46,EQAekSnFnP98ewTBB2Fs1r5jHyGBLdA3kGA7FhaIGUEYPJyr,Common
113925812564,2024-07-19 08:55:16,EQAwPP6Na6oazrlha6SVAIbMiRpVl19FDY-w_R0eAeqTeoup,Common
821070352952,2024-07-19 08:55:23,EQC1Mdlg_UzmopsA-9HjnLDtTlGwQhbVmfECYKvf0lrGyvNM,Common
681931726194,2024-07-19 08:55:29,EQAIndMsCFCrG05_t_n4_AAm0d1IWVmOlhYgKNL-pFsSNI7T,Common
919190882041,2024-07-19 08:56:19,EQCeJGVXvGPF-Rd3mjjD7Y2xbZghApOxNtqKNBIA0e66VrEc,Common
247345945423,2024-07-19 08:57:03,EQDivhvpwdjcblUmLdSfpX9jnDHR0UPLxbvVINW395EZvwg3,Common
297054814945,2024-07-19 08:57:03,EQAkdy9r_-3b1yD2bO21FkXXp_d6MDkhJsrDIu7hTQhc69B-,Common
290834125259,2024-07-19 08:57:15,EQCsbz0pB9o9qg6P3bOMgxn6XryZnt_IBuVNqcUjjTqHWHYn,Uncommon
994933783667,2024-07-19 08:57:40,EQDEcBjiZoLWeHu6TWqJvKfbhI-DURhPjGI-JD7rjKqP9HdH,Common
243365147922,2024-07-19 08:58:00,EQCXqzfeg_aIeMFdUrtPNe9LHgG2BMlSZTh1FD4P7uFPcYPA,Common
850090767578,2024-07-19 08:58:44,EQCXh8pmBVOmZhOtATBTwpcC8Yxs7hBkYVMj2zoW8awVCLub,Uncommon
901824104513,2024-07-19 08:58:44,EQCCTii_qg3BfE3nm7U_nKiFYMdk_dy_LltmXzOFk2e9ETPr,Common
366724554099,2024-07-19 08:59:02,EQAYzx4_4gI0f_hTH4d8ys97U9ngEB_03fjta1uwo3B9xAic,Common
819992626716,2024-07-19 08:59:15,EQCi4p-hH42tsusA7EwveeVQqXthjMqHOg6KJevk8yUyJsSL,Common
821418383468,2024-07-19 08:59:21,EQDQ4xOWtpZaE718vl9rNSItpVBOmIpFfKZWTSRzuMKKAQNP,Uncommon
976480417724,2024-07-19 08:59:54,EQD4bYRxmlQ29OQZfIyNqamu-OKX7KBwS5sRzpSqbM7H_SPq,Common
389116613251,2024-07-19 08:59:54,EQBNAzjGh6HQ3L4Z3pguS_cIw9rPgsmNnAyiFGs2nAB85w4j,Common
968862478371,2024-07-19 09:00:46,EQBA-jTIWZy-GfsgRNxXuVE-ZpW7l98akxqHxGJawzqXcP6I,Uncommon
481082311446,2024-07-19 09:01:17,EQAjHXgdXYJkaV2Yga1BX5bDyQNE874UL1ZwXWSX-jyAtMNL,Common
279730637442,2024-07-19 09:01:23,EQB1B8wGZ6_eN3HiJt6m12-DqnEzj0WVpcV4fbwXEfDk0fkl,Common
898833384069,2024-07-19 09:01:41,EQCDDpu5RBiLSs-VuGacLnSxhMNU2Ex6pUqp-O91-VDsp6DY,Common
356569903347,2024-07-19 09:02:13,EQB_JhjTxKTzExCV1z6oIDHAN6TadWfLqb4m4hP7cOVTk2YK,Common
486573942782,2024-07-19 09:02:13,EQD94i465j428bRdMfpZwSAigwSN5B_o3qN7ilx2D5-cqyg6,Uncommon
141781823067,2024-07-19 09:02:44,EQDT9zR-z3YLSX1X4XbRhmkyPrLGf6sYahbDMA1C53Ha-zXH,Uncommon
810517359183,2024-07-19 09:03:03,EQB4KCcDCe3D7ZPQosUa9EeD28oEx3hSeaKxVnwhOc4t7tv8,Common
428799571814,2024-07-19 09:03:15,EQDoZewGuU9vwyA-EzvmQS1cir6yPuZCgORQo1j-77lGJCOv,Common
901078155845,2024-07-19 09:03:15,EQDGlte6dV6dKMH7SILd39-uROvBdSrxIk0D_SkaAv6bnFil,Common
425611109039,2024-07-19 09:03:47,EQBMQI1Ai3bh0WRIj_UtokuQcu-dpoYiHIN1Wl9_-eJhIHex,Common
358283976601,2024-07-19 09:04:13,EQAUdyEjCkHSMzlC6LsOLLv51Bi-3mKgDhbPBE01i5lQwh1O,Rare
766034737123,2024-07-19 09:04:13,EQCnaoZtGCtCq-f7K4OlGBW1OT1tgJFHt7SX1YbraO1_xpWD,Common
852434789155,2024-07-19 09:04:19,EQBGhNHRCBvoiKIARkiOW1jVx66H6BD6PMZYCJlaD3s4ifbi,Uncommon
787727079910,2024-07-19 09:04:57,EQAKSruSU6PymFjOGcELjdF93vb-iya1L86xrRDbaRNRfoZ5,Common
106165192014,2024-07-19 09:15:35,EQAuMR4qGsv8sxDpwGMRIuSIhuxOd4qtBkd4Y68DWpAa-oU9,Common
113889493075,2024-07-19 09:32:58,EQAyhwsUgPlchaQfNYfGO9PUVmqjjOiVNfm9XSs7ZAHPdHDA,Uncommon
747025176830,2024-07-19 10:24:18,EQDqAfTzYok3BibqXB8brzxfcY839WgjD1bWwkWZbinsGKmi,Uncommon
200269892424,2024-07-19 10:36:04,EQB25zcCsADWalsB3m64QbryYHsCr9c-od4Hl3YIX00n9WZA,Common
657454569552,2024-07-19 11:02:06,EQB6tAzLG2a2KLz-fSmE9vKoChFET_0SV1cRSSAQRRS_DclC,Uncommon
141092966005,2024-07-19 11:04:41,EQD4wK7ND6PQVyUySCz_26Mmio1Sabitl0-voPQIgaowgNx4,Uncommon
514813388217,2024-07-19 11:07:30,EQCjqvrLAAR3H3IC9NKlSiRveeW4FiUFywqdylwHz7guj54I,Common
799767832978,2024-07-19 11:08:37,EQCRruVzeFm5_BvDQPg1fvmdtj4QIT0ubnVQ3353TZCyL7fS,Common
684118449637,2024-07-19 11:51:36,EQDp1yisI0P9JQftvm4YqGHcL1R8BdZyJqe_Y3r3KnyZXypB,Common
